<?xml version="1.0" encoding="UTF-8"?>
<con:soapui-project id="8c178a40-6009-4944-a2b9-9a93785cba68" activeEnvironment="Default" name="DSS" resourceRoot="${projectDir}" soapui-version="5.1.1" xmlns:con="http://eviware.com/soapui/config"><con:settings/><con:interface xsi:type="con:WsdlInterface" id="64facce5-a9fb-404b-8975-6edc7b364cb4" wsaVersion="NONE" name="CdsPortBinding" type="wsdl" bindingName="{http://cds.soap.webservice.service.dimensions.com/}CdsPortBinding" soapVersion="1_1" anonymous="optional" definition="http://dss.dimensions-healthcare.com/medd/cds?wsdl" xmlns:xsi="http://www.w3.org/2001/XMLSchema-instance"><con:settings/><con:definitionCache type="TEXT" rootPart="http://dss.dimensions-healthcare.com/medd/cds?wsdl"><con:part><con:url>http://dss.dimensions-healthcare.com/medd/cds?wsdl</con:url><con:content><![CDATA[<!--Published by JAX-WS RI (http://jax-ws.java.net). RI's version is Metro/2.3.2-b608 (trunk-7979; 2015-01-21T12:50:19+0000) JAXWS-RI/2.2.11-b150120.1832 JAXWS-API/2.2.12 JAXB-RI/2.2.12-b141219.1637 JAXB-API/2.2.13-b141020.1521 svn-revision#unknown.-->
<!--Generated by JAX-WS RI (http://jax-ws.java.net). RI's version is Metro/2.3.2-b608 (trunk-7979; 2015-01-21T12:50:19+0000) JAXWS-RI/2.2.11-b150120.1832 JAXWS-API/2.2.12 JAXB-RI/2.2.12-b141219.1637 JAXB-API/2.2.13-b141020.1521 svn-revision#unknown.-->
<definitions targetNamespace="http://cds.soap.webservice.service.dimensions.com/" name="cds" xmlns:wsu="http://docs.oasis-open.org/wss/2004/01/oasis-200401-wss-wssecurity-utility-1.0.xsd" xmlns:wsp="http://www.w3.org/ns/ws-policy" xmlns:wsp1_2="http://schemas.xmlsoap.org/ws/2004/09/policy" xmlns:wsam="http://www.w3.org/2007/05/addressing/metadata" xmlns:soap="http://schemas.xmlsoap.org/wsdl/soap/" xmlns:tns="http://cds.soap.webservice.service.dimensions.com/" xmlns:xsd="http://www.w3.org/2001/XMLSchema" xmlns="http://schemas.xmlsoap.org/wsdl/">
  <types>
    <xsd:schema>
      <xsd:import namespace="http://cds.soap.webservice.service.dimensions.com/" schemaLocation="http://dss.dimensions-healthcare.com:80/medd/cds?xsd=1"/>
    </xsd:schema>
  </types>
  <message name="getClaimsEdits">
    <part name="parameters" element="tns:getClaimsEdits"/>
  </message>
  <message name="getClaimsEditsResponse">
    <part name="parameters" element="tns:getClaimsEditsResponse"/>
  </message>
  <message name="Exception">
    <part name="fault" element="tns:Exception"/>
  </message>
  <portType name="Cds">
    <operation name="getClaimsEdits">
      <input wsam:Action="http://cds.soap.webservice.service.dimensions.com/Cds/getClaimsEditsRequest" message="tns:getClaimsEdits"/>
      <output wsam:Action="http://cds.soap.webservice.service.dimensions.com/Cds/getClaimsEditsResponse" message="tns:getClaimsEditsResponse"/>
      <fault message="tns:Exception" name="Exception" wsam:Action="http://cds.soap.webservice.service.dimensions.com/Cds/getClaimsEdits/Fault/Exception"/>
    </operation>
  </portType>
  <binding name="CdsPortBinding" type="tns:Cds">
    <soap:binding transport="http://schemas.xmlsoap.org/soap/http" style="document"/>
    <operation name="getClaimsEdits">
      <soap:operation soapAction=""/>
      <input>
        <soap:body use="literal"/>
      </input>
      <output>
        <soap:body use="literal"/>
      </output>
      <fault name="Exception">
        <soap:fault name="Exception" use="literal"/>
      </fault>
    </operation>
  </binding>
  <service name="cds">
    <port name="CdsPort" binding="tns:CdsPortBinding">
      <soap:address location="http://dss.dimensions-healthcare.com:80/medd/cds"/>
    </port>
  </service>
</definitions>]]></con:content><con:type>http://schemas.xmlsoap.org/wsdl/</con:type></con:part><con:part><con:url>http://dss.dimensions-healthcare.com:80/medd/cds?xsd=1</con:url><con:content><![CDATA[<!--Published by JAX-WS RI (http://jax-ws.java.net). RI's version is Metro/2.3.2-b608 (trunk-7979; 2015-01-21T12:50:19+0000) JAXWS-RI/2.2.11-b150120.1832 JAXWS-API/2.2.12 JAXB-RI/2.2.12-b141219.1637 JAXB-API/2.2.13-b141020.1521 svn-revision#unknown.-->
<xs:schema version="1.0" targetNamespace="http://cds.soap.webservice.service.dimensions.com/" xmlns:tns="http://cds.soap.webservice.service.dimensions.com/" xmlns:xs="http://www.w3.org/2001/XMLSchema">
  <xs:element name="Exception" type="tns:Exception"/>
  <xs:element name="claimEdit" type="tns:claimEdit"/>
  <xs:element name="claimEditResult" type="tns:claimEditResult"/>
  <xs:element name="claimSubmission" type="tns:claimSubmission"/>
  <xs:element name="claimSubmissionActivity" type="tns:claimSubmissionActivity"/>
  <xs:element name="claimSubmissionDiagnosis" type="tns:claimSubmissionDiagnosis"/>
  <xs:element name="claimSubmissionEncounter" type="tns:claimSubmissionEncounter"/>
  <xs:element name="claimSubmissionObservation" type="tns:claimSubmissionObservation"/>
  <xs:element name="claimSubmissionPerson" type="tns:claimSubmissionPerson"/>
  <xs:element name="dacsService" type="tns:dacsService"/>
  <xs:element name="getClaimsEdits" type="tns:getClaimsEdits"/>
  <xs:element name="getClaimsEditsResponse" type="tns:getClaimsEditsResponse"/>
  <xs:complexType name="getClaimsEdits">
    <xs:sequence>
      <xs:element name="username" type="xs:string"/>
      <xs:element name="password" type="xs:string"/>
      <xs:element name="services" type="xs:string"/>
      <xs:element name="isStrictCheck" type="xs:int"/>
      <xs:element name="claims" type="tns:claimSubmission" maxOccurs="unbounded"/>
    </xs:sequence>
  </xs:complexType>
  <xs:complexType name="claimSubmission">
    <xs:sequence>
      <xs:element name="claimID" type="xs:string"/>
      <xs:element name="claimSubmissionActivityList" type="tns:claimSubmissionActivity" maxOccurs="unbounded"/>
      <xs:element name="claimSubmissionDiagnosisList" type="tns:claimSubmissionDiagnosis" maxOccurs="unbounded"/>
      <xs:element name="claimSubmissionEncounter" type="tns:claimSubmissionEncounter" nillable="true" minOccurs="0" maxOccurs="unbounded"/>
      <xs:element name="claimSubmissionPerson" type="tns:claimSubmissionPerson" nillable="true" minOccurs="0" maxOccurs="unbounded"/>
      <xs:element name="payerId" type="xs:string" minOccurs="0"/>
      <xs:element name="providerId" type="xs:string" minOccurs="0"/>
    </xs:sequence>
  </xs:complexType>
  <xs:complexType name="claimSubmissionActivity">
    <xs:sequence>
      <xs:element name="activityCode" type="xs:string"/>
      <xs:element name="activityId" type="xs:string"/>
      <xs:element name="activityStart" type="xs:string"/>
      <xs:element name="activityType" type="xs:int"/>
      <xs:element name="claimSubmissionObservationList" type="tns:claimSubmissionObservation" nillable="true" minOccurs="0" maxOccurs="unbounded"/>
      <xs:element name="clinician" type="xs:string" minOccurs="0"/>
      <xs:element name="orderingClinician" type="xs:string" minOccurs="0"/>
      <xs:element name="priorAuthorizationId" type="xs:string" minOccurs="0"/>
      <xs:element name="quantity" type="xs:double"/>
    </xs:sequence>
  </xs:complexType>
  <xs:complexType name="claimSubmissionObservation">
    <xs:sequence>
      <xs:element name="observationCode" type="xs:string"/>
      <xs:element name="observationType" type="xs:string"/>
      <xs:element name="observationValue" type="xs:string" minOccurs="0"/>
      <xs:element name="observationValueType" type="xs:string" minOccurs="0"/>
    </xs:sequence>
  </xs:complexType>
  <xs:complexType name="claimSubmissionDiagnosis">
    <xs:sequence>
      <xs:element name="diagnosisCode" type="xs:string"/>
      <xs:element name="diagnosisType" type="xs:string"/>
    </xs:sequence>
  </xs:complexType>
  <xs:complexType name="claimSubmissionEncounter">
    <xs:sequence>
      <xs:element name="encounterEnd" type="xs:string" minOccurs="0"/>
      <xs:element name="encounterEndType" type="xs:int" minOccurs="0"/>
      <xs:element name="encounterStart" type="xs:string" minOccurs="0"/>
      <xs:element name="encounterStartType" type="xs:int" minOccurs="0"/>
      <xs:element name="encounterType" type="xs:int"/>
      <xs:element name="facilityId" type="xs:string" minOccurs="0"/>
      <xs:element name="patientId" type="xs:string" minOccurs="0"/>
      <xs:element name="transferDestination" type="xs:string" minOccurs="0"/>
      <xs:element name="transferSource" type="xs:string" minOccurs="0"/>
    </xs:sequence>
  </xs:complexType>
  <xs:complexType name="claimSubmissionPerson">
    <xs:sequence>
      <xs:element name="breastFeedingDays" type="xs:int" minOccurs="0"/>
      <xs:element name="creatinineClearance" type="xs:double" minOccurs="0"/>
      <xs:element name="dateOfBirth" type="xs:string"/>
      <xs:element name="gender" type="xs:string"/>
      <xs:element name="hight" type="xs:int" minOccurs="0"/>
      <xs:element name="memberId" type="xs:string" minOccurs="0"/>
      <xs:element name="nationalId" type="xs:string" minOccurs="0"/>
      <xs:element name="notes" type="xs:string" minOccurs="0"/>
      <xs:element name="patientId" type="xs:string" minOccurs="0"/>
      <xs:element name="pregnancyDays" type="xs:int" minOccurs="0"/>
      <xs:element name="weight" type="xs:int" minOccurs="0"/>
    </xs:sequence>
  </xs:complexType>
  <xs:complexType name="getClaimsEditsResponse">
    <xs:sequence>
      <xs:element name="return" type="tns:claimEditResult" minOccurs="0"/>
    </xs:sequence>
  </xs:complexType>
  <xs:complexType name="claimEditResult">
    <xs:sequence>
      <xs:element name="claimEdits" type="tns:claimEdit" nillable="true" minOccurs="0" maxOccurs="unbounded"/>
      <xs:element name="message" type="xs:string" minOccurs="0"/>
      <xs:element name="responseId" type="xs:string" minOccurs="0"/>
      <xs:element name="success" type="xs:boolean" minOccurs="0"/>
    </xs:sequence>
  </xs:complexType>
  <xs:complexType name="claimEdit">
    <xs:sequence>
      <xs:element name="activityCode" type="xs:string" minOccurs="0"/>
      <xs:element name="activityId" type="xs:string" minOccurs="0"/>
      <xs:element name="claimId" type="xs:string" minOccurs="0"/>
      <xs:element name="createdDate" type="xs:dateTime" minOccurs="0"/>
      <xs:element name="drugID" type="xs:int" minOccurs="0"/>
      <xs:element name="editCode" type="xs:string" minOccurs="0"/>
      <xs:element name="editComment" type="xs:string" minOccurs="0"/>
      <xs:element name="editId" type="xs:long" minOccurs="0"/>
      <xs:element name="editRank" type="xs:int" minOccurs="0"/>
      <xs:element name="editType" type="tns:dacsService" minOccurs="0"/>
      <xs:element name="oppositeCode" type="xs:string" minOccurs="0"/>
    </xs:sequence>
  </xs:complexType>
  <xs:complexType name="dacsService">
    <xs:sequence>
      <xs:element name="description" type="xs:string" minOccurs="0"/>
      <xs:element name="serviceCode" type="xs:string" minOccurs="0"/>
      <xs:element name="serviceId" type="xs:int" minOccurs="0"/>
    </xs:sequence>
  </xs:complexType>
  <xs:complexType name="Exception">
    <xs:sequence>
      <xs:element name="message" type="xs:string" minOccurs="0"/>
    </xs:sequence>
  </xs:complexType>
</xs:schema>]]></con:content><con:type>http://www.w3.org/2001/XMLSchema</con:type></con:part></con:definitionCache><con:endpoints><con:endpoint>http://dss.dimensions-healthcare.com:80/medd/cds</con:endpoint></con:endpoints><con:operation id="2b5527bc-35a8-4553-b2df-df08bdee112d" isOneWay="false" action="" name="getClaimsEdits" bindingOperationName="getClaimsEdits" type="Request-Response" inputName="" receivesAttachments="false" sendsAttachments="false" anonymous="optional"><con:settings/><con:call id="bbc18053-5a58-49af-a8c4-5c37885ac950" name="Request 1"><con:settings><con:setting id="com.eviware.soapui.impl.wsdl.WsdlRequest@request-headers">&lt;xml-fragment/></con:setting></con:settings><con:encoding>UTF-8</con:encoding><con:endpoint>http://dss.dimensions-healthcare.com:80/medd/cds</con:endpoint><con:request><![CDATA[<soapenv:Envelope xmlns:soapenv="http://schemas.xmlsoap.org/soap/envelope/" xmlns:cds="http://cds.soap.webservice.service.dimensions.com/">
   <soapenv:Header/>
   <soapenv:Body>
      <cds:getClaimsEdits>
         <username>?</username>
         <password>?</password>
         <services>?</services>
         <isStrictCheck>?</isStrictCheck>
         <!--1 or more repetitions:-->
         <claims>
            <claimID>?</claimID>
            <!--1 or more repetitions:-->
            <claimSubmissionActivityList>
               <activityCode>?</activityCode>
               <activityId>?</activityId>
               <activityStart>?</activityStart>
               <activityType>?</activityType>
               <!--Zero or more repetitions:-->
               <claimSubmissionObservationList>
                  <observationCode>?</observationCode>
                  <observationType>?</observationType>
                  <!--Optional:-->
                  <observationValue>?</observationValue>
                  <!--Optional:-->
                  <observationValueType>?</observationValueType>
               </claimSubmissionObservationList>
               <!--Optional:-->
               <clinician>?</clinician>
               <!--Optional:-->
               <orderingClinician>?</orderingClinician>
               <!--Optional:-->
               <priorAuthorizationId>?</priorAuthorizationId>
               <quantity>?</quantity>
            </claimSubmissionActivityList>
            <!--1 or more repetitions:-->
            <claimSubmissionDiagnosisList>
               <diagnosisCode>?</diagnosisCode>
               <diagnosisType>?</diagnosisType>
            </claimSubmissionDiagnosisList>
            <!--Zero or more repetitions:-->
            <claimSubmissionEncounter>
               <!--Optional:-->
               <encounterEnd>?</encounterEnd>
               <!--Optional:-->
               <encounterEndType>?</encounterEndType>
               <!--Optional:-->
               <encounterStart>?</encounterStart>
               <!--Optional:-->
               <encounterStartType>?</encounterStartType>
               <encounterType>?</encounterType>
               <!--Optional:-->
               <facilityId>?</facilityId>
               <!--Optional:-->
               <patientId>?</patientId>
               <!--Optional:-->
               <transferDestination>?</transferDestination>
               <!--Optional:-->
               <transferSource>?</transferSource>
            </claimSubmissionEncounter>
            <!--Zero or more repetitions:-->
            <claimSubmissionPerson>
               <!--Optional:-->
               <breastFeedingDays>?</breastFeedingDays>
               <!--Optional:-->
               <creatinineClearance>?</creatinineClearance>
               <dateOfBirth>?</dateOfBirth>
               <gender>?</gender>
               <!--Optional:-->
               <hight>?</hight>
               <!--Optional:-->
               <memberId>?</memberId>
               <!--Optional:-->
               <nationalId>?</nationalId>
               <!--Optional:-->
               <notes>?</notes>
               <!--Optional:-->
               <patientId>?</patientId>
               <!--Optional:-->
               <pregnancyDays>?</pregnancyDays>
               <!--Optional:-->
               <weight>?</weight>
            </claimSubmissionPerson>
            <!--Optional:-->
            <payerId>?</payerId>
            <!--Optional:-->
            <providerId>?</providerId>
         </claims>
      </cds:getClaimsEdits>
   </soapenv:Body>
</soapenv:Envelope>]]></con:request><con:credentials><con:authType>No Authorization</con:authType></con:credentials><con:jmsConfig JMSDeliveryMode="PERSISTENT"/><con:jmsPropertyConfig/><con:wsaConfig mustUnderstand="NONE" version="200508" action="http://cds.soap.webservice.service.dimensions.com/Cds/getClaimsEditsRequest"/><con:wsrmConfig version="1.2"/></con:call></con:operation></con:interface><con:testSuite id="3e02e9a5-bca9-490d-b7ce-e41180de0afb" name="CdsPortBinding TestSuite"><con:settings/><con:runType>SEQUENTIAL</con:runType><con:testCase id="8955c96c-5895-4228-9ccb-2ba1a5ad5545" failOnError="true" failTestCaseOnErrors="true" keepSession="false" maxResults="0" name="getClaimsEdits TestCase" searchProperties="true"><con:settings/><con:testStep type="datasource" name="LoadValueFromExcel" id="5a094573-b5d5-4e86-857d-7e5e1eb2a2f4"><con:settings/><con:config xsi:type="con:DataSourceStep" xmlns:xsi="http://www.w3.org/2001/XMLSchema-instance"><con:dataSource type="Excel"><con:configuration><file>Claims File with Updated ICDS.xlsx</file><worksheet>Sheet1</worksheet><cell>A2</cell><ignoreEmpty>true</ignoreEmpty></con:configuration></con:dataSource><con:property>ClaimID</con:property><con:property>ActivityID</con:property><con:property>Member_ID</con:property><con:property>Activity_StartDate</con:property><con:property>Activity_End</con:property><con:property>Date_of_Birth</con:property><con:property>Gender</con:property><con:property>Age</con:property><con:property>INV_NO</con:property><con:property>INV_DATE</con:property><con:property>SPECIALTY</con:property><con:property>DIAG_CODE</con:property><con:property>UpdatedICDCode</con:property><con:property>MEDICODE</con:property><con:property>Type</con:property><con:property>CPT</con:property><con:property>SV_CODE</con:property><con:property>ServiceDescription</con:property><con:property>Activity _Code</con:property><con:property>Activity _type</con:property><con:property>INCUR_DATE_FROM</con:property><con:property>INCUR_DATE_TO</con:property><con:property>QTY</con:property><con:property>Pres_Amt</con:property><con:property>ActivityCount</con:property><con:property>ActTag</con:property><con:startRow/><con:endRow/><con:trimValues>true</con:trimValues><con:entitizeValues>false</con:entitizeValues><con:restartOnRun>true</con:restartOnRun><con:expandProperties>false</con:expandProperties></con:config></con:testStep><con:testStep type="request" id="7361790b-8628-4a7e-8c07-48d60496dc7f" name="getClaimsEdits"><con:settings/><con:config xsi:type="con:RequestStep" xmlns:xsi="http://www.w3.org/2001/XMLSchema-instance"><con:interface>CdsPortBinding</con:interface><con:operation>getClaimsEdits</con:operation><con:request name="getClaimsEdits" id="658db157-c751-4987-b8cb-d1c7d51e49e5"><con:settings><con:setting id="com.eviware.soapui.impl.wsdl.WsdlRequest@request-headers">&lt;xml-fragment/></con:setting></con:settings><con:encoding>UTF-8</con:encoding><con:endpoint>http://dss.dimensions-healthcare.com:80/medd/cds</con:endpoint><con:request><![CDATA[<soapenv:Envelope xmlns:soapenv="http://schemas.xmlsoap.org/soap/envelope/" xmlns:cds="http://cds.soap.webservice.service.dimensions.com/">
   <soapenv:Header/>
   <soapenv:Body>
      <cds:getClaimsEdits>
         <username>fazeel</username>
         <password>fazeel123</password>
         <services>1</services>
         <isStrictCheck>1</isStrictCheck>
         <!--1 or more repetitions:-->
         <claims>
            <claimID>${LoadValueFromExcel#ClaimID}</claimID>
            <!--1 or more repetitions:-->
            <claimSubmissionActivityList>
               <activityCode>${LoadValueFromExcel#Activity _Code}</activityCode>
               <activityId>${LoadValueFromExcel#ActivityID}</activityId>
               <activityStart>24/01/2016</activityStart>
               <activityType>${LoadValueFromExcel#Activity _type}</activityType>
               ${LoadValueFromExcel#ActTag}
               <!--Zero or more repetitions:-->
               <claimSubmissionObservationList>
                  <observationCode>${LoadValueFromExcel#QTY}</observationCode>
                  <observationType>${LoadValueFromExcel#Type}</observationType>
                  <!--Optional:-->
                  
                  <!--Optional:-->
                  
               </claimSubmissionObservationList>
               <!--Optional:-->
               
               <!--Optional:-->
               
               <!--Optional:-->
               
               <clinician>${LoadValueFromExcel#SPECIALTY}</clinician><quantity>${LoadValueFromExcel#QTY}</quantity>
            </claimSubmissionActivityList>
            <!--1 or more repetitions:-->
            <claimSubmissionDiagnosisList>
               <diagnosisCode>${LoadValueFromExcel#UpdatedICDCode}</diagnosisCode>
               <diagnosisType>Principal</diagnosisType>
            </claimSubmissionDiagnosisList>
            <!--Zero or more repetitions:-->
            <claimSubmissionEncounter>
               <!--Optional:-->
               
               <!--Optional:-->
               
               <!--Optional:-->
               
               <!--Optional:-->
               
               <encounterType>1</encounterType>
               <!--Optional:-->
               
               <!--Optional:-->
               
               <!--Optional:-->
               
               <!--Optional:-->
               
            </claimSubmissionEncounter>
            <!--Zero or more repetitions:-->
            <claimSubmissionPerson>
               <!--Optional:-->
               
               <!--Optional:-->
               
               <dateOfBirth>${LoadValueFromExcel#Date_of_Birth}</dateOfBirth>
               <gender>${LoadValueFromExcel#Gender}</gender>
               <!--Optional:-->
               
               <!--Optional:-->
               
               <!--Optional:-->
               <memberId>${LoadValueFromExcel#Member_ID}</memberId>
               <!--Optional:-->
               
               <!--Optional:-->
               
               <!--Optional:-->
               
               <!--Optional:-->
               
            </claimSubmissionPerson>
            <!--Optional:-->
            
            <!--Optional:-->
            
         </claims>
      </cds:getClaimsEdits>
   </soapenv:Body>
</soapenv:Envelope>]]></con:request><con:credentials><con:authType>No Authorization</con:authType></con:credentials><con:jmsConfig JMSDeliveryMode="PERSISTENT"/><con:jmsPropertyConfig/><con:wsaConfig action="http://cds.soap.webservice.service.dimensions.com/Cds/getClaimsEditsRequest" mustUnderstand="NONE" version="200508"/><con:wsrmConfig version="1.2"/></con:request></con:config></con:testStep><con:testStep type="transfer" name="PropertyTransfer 1" id="a5c46e9d-6239-479d-9976-f7c5f9cac168"><con:settings/><con:config xsi:type="con:PropertyTransfersStep" xmlns:xsi="http://www.w3.org/2001/XMLSchema-instance"><con:transfers setNullOnMissingSource="true" transferTextContent="true" failOnError="true"><con:name>editCode</con:name><con:sourceType>Response</con:sourceType><con:sourceStep>getClaimsEdits</con:sourceStep><con:sourcePath>declare namespace ns2='http://cds.soap.webservice.service.dimensions.com/';
//ns2:getClaimsEditsResponse[1]/return[1]/claimEdits[1]/editCode[1]</con:sourcePath><con:targetType>ResponseEditCode</con:targetType><con:targetStep>DataSink</con:targetStep><con:targetPath/><con:type>XPATH</con:type><con:upgraded>true</con:upgraded></con:transfers><con:transfers setNullOnMissingSource="true" transferTextContent="true" failOnError="true" entitize="false" ignoreEmpty="false" transferToAll="false" transferChildNodes="false"><con:name>editComment</con:name><con:sourceType>Response</con:sourceType><con:sourceStep>getClaimsEdits</con:sourceStep><con:sourcePath>declare namespace ns2='http://cds.soap.webservice.service.dimensions.com/';
//ns2:getClaimsEditsResponse[1]/return[1]/claimEdits[1]/editComment[1]</con:sourcePath><con:targetType>ResponseEditComment</con:targetType><con:targetStep>DataSink</con:targetStep><con:targetPath/><con:type>XPATH</con:type><con:upgraded>true</con:upgraded></con:transfers><con:transfers setNullOnMissingSource="true" transferTextContent="true" failOnError="true"><con:name>success</con:name><con:sourceType>Response</con:sourceType><con:sourceStep>getClaimsEdits</con:sourceStep><con:sourcePath>declare namespace ns2='http://cds.soap.webservice.service.dimensions.com/';
//ns2:getClaimsEditsResponse[1]/return[1]/success[1]</con:sourcePath><con:targetType>Success</con:targetType><con:targetStep>DataSink</con:targetStep><con:targetPath/><con:type>XPATH</con:type><con:upgraded>true</con:upgraded></con:transfers><con:transfers setNullOnMissingSource="true" transferTextContent="true" failOnError="true"><con:name>message</con:name><con:sourceType>Response</con:sourceType><con:sourceStep>getClaimsEdits</con:sourceStep><con:sourcePath>declare namespace ns2='http://cds.soap.webservice.service.dimensions.com/';
//ns2:getClaimsEditsResponse[1]/return[1]/message[1]</con:sourcePath><con:targetType>Message</con:targetType><con:targetStep>DataSink</con:targetStep><con:targetPath/><con:type>XPATH</con:type><con:upgraded>true</con:upgraded></con:transfers></con:config></con:testStep><con:testStep type="request" name="Test Request" id="d1f8c779-baed-4bdb-8d9f-80ae42abc2b3" disabled="true"><con:settings/><con:config xsi:type="con:RequestStep" xmlns:xsi="http://www.w3.org/2001/XMLSchema-instance"><con:interface>CdsPortBinding</con:interface><con:operation>getClaimsEdits</con:operation><con:request name="Test Request" id="63a091fc-a024-48e5-b99c-d0984d4722be"><con:settings><con:setting id="com.eviware.soapui.impl.wsdl.WsdlRequest@request-headers">&lt;xml-fragment/></con:setting></con:settings><con:encoding>UTF-8</con:encoding><con:endpoint>http://dss.dimensions-healthcare.com:80/medd/cds</con:endpoint><con:request><![CDATA[<soapenv:Envelope xmlns:soapenv="http://schemas.xmlsoap.org/soap/envelope/" xmlns:cds="http://cds.soap.webservice.service.dimensions.com/">
   <soapenv:Header/>
   <soapenv:Body>
      <cds:getClaimsEdits>
         <username>?</username>
         <password>?</password>
         <services>?</services>
         <isStrictCheck>?</isStrictCheck>
         <!--1 or more repetitions:-->
         <claims>
            <claimID>?</claimID>
            <!--1 or more repetitions:-->
            <claimSubmissionActivityList>
               <activityCode>?</activityCode>
               <activityId>?</activityId>
               <activityStart>?</activityStart>
               <activityType>?</activityType>
               <!--Zero or more repetitions:-->
               <claimSubmissionObservationList>
                  <observationCode>?</observationCode>
                  <observationType>?</observationType>
                  <!--Optional:-->
                  <observationValue>?</observationValue>
                  <!--Optional:-->
                  <observationValueType>?</observationValueType>
               </claimSubmissionObservationList>
               <!--Optional:-->
               <clinician>?</clinician>
               <!--Optional:-->
               <orderingClinician>?</orderingClinician>
               <!--Optional:-->
               <priorAuthorizationId>?</priorAuthorizationId>
               <quantity>?</quantity>
            </claimSubmissionActivityList>
            <!--1 or more repetitions:-->
            <claimSubmissionDiagnosisList>
               <diagnosisCode>?</diagnosisCode>
               <diagnosisType>?</diagnosisType>
            </claimSubmissionDiagnosisList>
            <!--Zero or more repetitions:-->
            <claimSubmissionEncounter>
               <!--Optional:-->
               <encounterEnd>?</encounterEnd>
               <!--Optional:-->
               <encounterEndType>?</encounterEndType>
               <!--Optional:-->
               <encounterStart>?</encounterStart>
               <!--Optional:-->
               <encounterStartType>?</encounterStartType>
               <encounterType>?</encounterType>
               <!--Optional:-->
               <facilityId>?</facilityId>
               <!--Optional:-->
               <patientId>?</patientId>
               <!--Optional:-->
               <transferDestination>?</transferDestination>
               <!--Optional:-->
               <transferSource>?</transferSource>
            </claimSubmissionEncounter>
            <!--Zero or more repetitions:-->
            <claimSubmissionPerson>
               <!--Optional:-->
               <breastFeedingDays>?</breastFeedingDays>
               <!--Optional:-->
               <creatinineClearance>?</creatinineClearance>
               <dateOfBirth>?</dateOfBirth>
               <gender>?</gender>
               <!--Optional:-->
               <hight>?</hight>
               <!--Optional:-->
               <memberId>?</memberId>
               <!--Optional:-->
               <nationalId>?</nationalId>
               <!--Optional:-->
               <notes>?</notes>
               <!--Optional:-->
               <patientId>?</patientId>
               <!--Optional:-->
               <pregnancyDays>?</pregnancyDays>
               <!--Optional:-->
               <weight>?</weight>
            </claimSubmissionPerson>
            <!--Optional:-->
            <payerId>?</payerId>
            <!--Optional:-->
            <providerId>?</providerId>
         </claims>
      </cds:getClaimsEdits>
   </soapenv:Body>
</soapenv:Envelope>]]></con:request><con:assertion type="SOAP Response" id="c947b40c-952c-4f84-b9b8-565c27b88b14"/><con:assertion type="Schema Compliance" id="4b2685d4-124c-4de7-9d54-24e856aad2c2"><con:configuration/></con:assertion><con:assertion type="SOAP Fault Assertion" id="dbf62f03-364a-41eb-92aa-98a9e7c3da7d"/><con:credentials><con:authType>No Authorization</con:authType></con:credentials><con:jmsConfig JMSDeliveryMode="PERSISTENT"/><con:jmsPropertyConfig/><con:wsaConfig mustUnderstand="NONE" version="200508"/><con:wsrmConfig version="1.2"/></con:request></con:config></con:testStep><con:testStep type="groovy" name="LoopActivities" id="1795f130-4a54-4477-98f1-2137c4c1f656"><con:settings/><con:config><script><![CDATA[def groovyUtils = new com.eviware.soapui.support.GroovyUtils( context )
def holder      = groovyUtils.getXmlHolder( "getClaimsEdits#Request" )
def parentnode  = holder.getDomNode( "//basket:createBasketRequest" )
def basketTotal = holder.getDomNode( "//basket:itemsTotal" ) 

def nodeText    = '''<basket:item>
                    |    <basket:itemId>222</basket:itemId>
                    |    <basket:itemCode>DEF</basket:itemCode>
                    |</basket:item>'''.stripMargin()

def nodeHolder  = new com.eviware.soapui.support.XmlHolder( nodeText )
def nodeItem    = nodeHolder.getDomNode( "//basket:item" )
def importNode  = requestDoc.importNode( nodeItem, true )

parentnode.insertBefore( importNode, basketTotal )

holder.updateProperty()]]></script></con:config></con:testStep><con:testStep type="request" id="6dfcc5f9-210b-47ed-9b63-f1ea0aa84760" name="Copy of getClaimsEdits"><con:settings/><con:config xsi:type="con:RequestStep" xmlns:xsi="http://www.w3.org/2001/XMLSchema-instance"><con:interface>CdsPortBinding</con:interface><con:operation>getClaimsEdits</con:operation><con:request name="Copy of getClaimsEdits" id="658db157-c751-4987-b8cb-d1c7d51e49e5"><con:settings><con:setting id="com.eviware.soapui.impl.wsdl.WsdlRequest@request-headers">&lt;xml-fragment/></con:setting></con:settings><con:encoding>UTF-8</con:encoding><con:endpoint>http://dss.dimensions-healthcare.com:80/medd/cds</con:endpoint><con:request><![CDATA[<soapenv:Envelope xmlns:soapenv="http://schemas.xmlsoap.org/soap/envelope/" xmlns:cds="http://cds.soap.webservice.service.dimensions.com/">
   <soapenv:Header/>
   <soapenv:Body>
      <cds:getClaimsEdits>
         <username>fazeel</username>
         <password>fazeel123</password>
         <services>1</services>
         <isStrictCheck>1</isStrictCheck>
         <!--1 or more repetitions:-->
         <claims>
            <claimID>OPI-2984277</claimID>
            <!--1 or more repetitions:-->
            <claimSubmissionActivityList>
               <activityCode>10</activityCode>
               <activityId>352</activityId>
               <activityStart>02/02/2016 </activityStart>
               <activityType>${LoadValueFromExcel#Activity _type}</activityType>
               <!--Zero or more repetitions:-->
               <claimSubmissionObservationList>
                  <observationCode>${LoadValueFromExcel#QTY}</observationCode>
                  <observationType>${LoadValueFromExcel#Type}</observationType>
                  <!--Optional:-->
                  
                  <!--Optional:-->
                  
               </claimSubmissionObservationList>
               <!--Optional:-->
               
               <!--Optional:-->
               
               <!--Optional:-->
               
               <clinician>${LoadValueFromExcel#SPECIALTY}</clinician><quantity>${LoadValueFromExcel#QTY}</quantity>
            </claimSubmissionActivityList>
            <!--1 or more repetitions:-->
            <claimSubmissionDiagnosisList>
               <diagnosisCode>${LoadValueFromExcel#DIAG_CODE}</diagnosisCode>
               <diagnosisType>Principal</diagnosisType>
            </claimSubmissionDiagnosisList>
            <!--Zero or more repetitions:-->
            <claimSubmissionEncounter>
               <!--Optional:-->
               
               <!--Optional:-->
               
               <!--Optional:-->
               
               <!--Optional:-->
               
               <encounterType>1</encounterType>
               <!--Optional:-->
               
               <!--Optional:-->
               
               <!--Optional:-->
               
               <!--Optional:-->
               
            </claimSubmissionEncounter>
            <!--Zero or more repetitions:-->
            <claimSubmissionPerson>
               <!--Optional:-->
               
               <!--Optional:-->
               
               <dateOfBirth>${LoadValueFromExcel#Date_of_Birth}</dateOfBirth>
               <gender>${LoadValueFromExcel#Gender}</gender>
               <!--Optional:-->
               
               <!--Optional:-->
               
               <!--Optional:-->
               <memberId>${LoadValueFromExcel#Member_ID}</memberId>
               <!--Optional:-->
               
               <!--Optional:-->
               
               <!--Optional:-->
               
               <!--Optional:-->
               
            </claimSubmissionPerson>
            <!--Optional:-->
            
            <!--Optional:-->
            
         </claims>
      </cds:getClaimsEdits>
   </soapenv:Body>
</soapenv:Envelope>]]></con:request><con:credentials><con:authType>No Authorization</con:authType></con:credentials><con:jmsConfig JMSDeliveryMode="PERSISTENT"/><con:jmsPropertyConfig/><con:wsaConfig action="http://cds.soap.webservice.service.dimensions.com/Cds/getClaimsEditsRequest" mustUnderstand="NONE" version="200508"/><con:wsrmConfig version="1.2"/></con:request></con:config></con:testStep><con:testStep type="properties" name="Properties 1" id="b120726d-f9c2-4440-a405-9bbd1e6e8b06"><con:settings/><con:config xsi:type="con:PropertiesStep" saveFirst="true" xmlns:xsi="http://www.w3.org/2001/XMLSchema-instance"><con:properties><con:property><con:name>editCode</con:name></con:property><con:property><con:name>editComment</con:name></con:property></con:properties></con:config></con:testStep><con:testStep type="datasink" name="DataSink" id="0f678fc1-0ce9-4177-a6cd-a67229fec30d"><con:settings/><con:config xsi:type="con:DataSinkStep" xmlns:xsi="http://www.w3.org/2001/XMLSchema-instance"><con:dataSink type="Excel"><con:configuration><file>Claims File with Updated ICDS.xlsx</file><outfile>Claims File with Updated ICDS.xlsx</outfile><worksheet>Sheet1</worksheet><cell>AF</cell></con:configuration></con:dataSink><con:properties><con:property><con:name>ResponseEditCode</con:name><con:value xsi:nil="true"/></con:property><con:property><con:name>ResponseEditComment</con:name><con:value xsi:nil="true"/></con:property><con:property><con:name>Success</con:name><con:value>true</con:value></con:property><con:property><con:name>Message</con:name><con:value>&lt;message xmlns:ns2="http://cds.soap.webservice.service.dimensions.com/" xmlns:S="http://schemas.xmlsoap.org/soap/envelope/"/></con:value></con:property></con:properties></con:config></con:testStep><con:testStep type="datasourceloop" name="DataSource Loop" id="c7ca77bd-a38c-4b96-9e24-cdc826404a6e"><con:settings/><con:config><dataSourceStep>LoadValueFromExcel</dataSourceStep><targetStep>getClaimsEdits</targetStep></con:config></con:testStep><con:properties/><con:reportParameters/><con:breakPoints><con:testStepId>5a094573-b5d5-4e86-857d-7e5e1eb2a2f4</con:testStepId><con:status>NONE</con:status><con:properties/></con:breakPoints><con:breakPoints><con:testStepId>1795f130-4a54-4477-98f1-2137c4c1f656</con:testStepId><con:status>NONE</con:status><con:properties/></con:breakPoints></con:testCase><con:properties/><con:reportParameters/></con:testSuite><con:requirements/><con:properties/><con:wssContainer/><con:databaseConnectionContainer/><con:oAuth2ProfileContainer/><con:reporting><con:reportTemplates/><con:xmlTemplates/><con:parameters/></con:reporting></con:soapui-project>